{"cameraMode":{"drawMode":0,"name":"Shaded","section":"Shading Mode"},"sceneLighting":true,"audioPlay":false,"sceneViewState":{"showFog":true,"showMaterialUpdate":false,"showSkybox":true,"showFlares":true,"showImageEffects":true,"showParticleSystems":true},"in2DMode":false,"pivot":{"x":31.508878707885743,"y":-23.169178009033204,"z":14.672477722167969},"rotation":{"x":0.3757553994655609,"y":0.23670564591884614,"z":-0.09986959397792816,"w":0.8904447555541992},"size":43.07111740112305,"orthographic":false}