{"cameraMode":{"drawMode":0,"name":"Shaded","section":"Shading Mode"},"sceneLighting":true,"audioPlay":false,"sceneViewState":{"showFog":true,"showMaterialUpdate":false,"showSkybox":true,"showFlares":true,"showImageEffects":true,"showParticleSystems":true},"in2DMode":false,"pivot":{"x":-254.57330322265626,"y":-497.32525634765627,"z":-372.3914489746094},"rotation":{"x":0.14833730459213258,"y":-0.8512089252471924,"z":0.37129369378089907,"w":0.34009629487991335},"size":401.99066162109377,"orthographic":false}