{"cameraMode":{"drawMode":0,"name":"Shaded","section":"Shading Mode"},"sceneLighting":false,"audioPlay":false,"sceneViewState":{"showFog":true,"showMaterialUpdate":false,"showSkybox":false,"showFlares":true,"showImageEffects":true,"showParticleSystems":true},"in2DMode":false,"pivot":{"x":2.384185791015625e-7,"y":0.5,"z":-2.384185791015625e-7},"rotation":{"x":0.3757553994655609,"y":0.23670564591884614,"z":-0.09986959397792816,"w":0.8904447555541992},"size":3.6742348670959474,"orthographic":false}