{"cameraMode":{"drawMode":0,"name":"Shaded","section":"Shading Mode"},"sceneLighting":true,"audioPlay":false,"sceneViewState":{"showFog":true,"showMaterialUpdate":false,"showSkybox":true,"showFlares":true,"showImageEffects":true,"showParticleSystems":true},"in2DMode":false,"pivot":{"x":216.9420166015625,"y":-39.0080680847168,"z":-212.49969482421876},"rotation":{"x":-0.029914066195487977,"y":-0.9149624109268189,"z":0.06903602927923203,"w":-0.3964686691761017},"size":143.60769653320313,"orthographic":false}