{"cameraMode":{"drawMode":0,"name":"Shaded","section":"Shading Mode"},"sceneLighting":false,"audioPlay":false,"sceneViewState":{"showFog":true,"showMaterialUpdate":false,"showSkybox":false,"showFlares":true,"showImageEffects":true,"showParticleSystems":true},"in2DMode":false,"pivot":{"x":-0.24373237788677216,"y":1.2790457010269166,"z":1.6055173873901368},"rotation":{"x":-0.049346789717674258,"y":-0.9486212730407715,"z":0.2506370544433594,"w":-0.1867639273405075},"size":3.135803461074829,"orthographic":false}